hands,equity,cb,cb_bet200,cb_bet100,cb_bet50,cb_bet25,cb_check,f_bet200,f_bet100,f_bet50,f_bet25,f_check,ev,ev_bet200,ev_bet100,ev_bet50,ev_bet25,ev_check
AsAd,96.07,0.436,0,0,0.056,0.268,0.112,0,0,12.797,61.444,25.759,13.0877,12.2232,13.0554,13.0754,13.0915,13.0847
AdAh,95.999,0.436,0,0,0.057,0.27,0.108,0,0,13.183,62.023,24.794,13.1398,12.3471,13.0695,13.1272,13.1437,13.1367
AsAh,95.99,0.436,0,0,0.057,0.271,0.108,0,0,13.101,62.08,24.819,13.1779,12.4465,13.1367,13.1651,13.1818,13.1752
QsQc,95.889,0.452,0,0,0.098,0.348,0.006,0,0.01,21.573,77.093,1.323,15.3512,15.3385,15.3511,15.3386,15.3548,15.3506
QcQh,95.781,0.452,0.181,0,0.049,0.222,0,39.997,0,10.827,49.176,0,15.4908,15.4901,15.4738,15.4821,15.4932,15.4457
QsQh,95.779,0.452,0.19,0,0.047,0.216,0,41.936,0,10.358,47.706,0,15.7462,15.7446,15.7215,15.7385,15.7492,15.5153
6d6c,95.312,0.442,0.413,0,0.003,0.026,0,93.369,0,0.663,5.968,0,13.8122,13.8122,13.8072,13.8119,13.8132,13.6069
6c6h,95.244,0.442,0.431,0,0.001,0.01,0,97.482,0.004,0.257,2.256,0,13.8788,13.8788,13.8788,13.8786,13.8796,13.6297
6d6h,95.238,0.442,0.43,0,0.002,0.01,0,97.36,0,0.397,2.243,0,13.9979,13.9979,13.9927,13.9973,13.9992,13.6691
AsQs,93.331,0.4,0.399,0,0.001,0,0,99.851,0,0.149,0,0,11.733,11.733,11.7268,11.7331,11.7096,11.3653
AdQc,92.919,0.45,0.448,0,0.002,0,0,99.581,0.006,0.412,0,0,11.3107,11.3107,11.3109,11.3106,11.2547,10.9877
AsQc,92.886,0.45,0.45,0,0,0,0,99.995,0.005,0,0,0,11.3459,11.3459,11.3462,11.3437,11.2578,10.9988
AdQs,92.876,0.45,0.449,0,0.001,0,0,99.697,0.004,0.299,0,0,11.491,11.491,11.4911,11.4906,11.4445,11.0098
AhQc,92.824,0.45,0.45,0,0,0,0,100,0,0,0,0,11.4163,11.4163,11.4123,11.4113,11.3141,11.0521
AdQh,92.783,0.45,0.45,0,0,0,0,99.993,0.007,0,0,0,11.7328,11.7328,11.7327,11.6251,11.5008,11.0677
AhQs,92.782,0.45,0.45,0,0,0,0,100,0,0,0,0,11.5994,11.5994,11.5989,11.5923,11.5012,11.0808
AsQh,92.749,0.45,0.45,0,0,0,0,100,0,0,0,0,11.7762,11.7762,11.7746,11.639,11.5008,11.0883
AhQh,92.688,0.4,0.4,0,0,0,0,100,0,0,0,0,11.8447,11.8447,11.8437,11.7053,11.5602,11.1424
Ad6d,90.634,0.342,0.004,0,0.035,0.142,0.16,1.3,0.011,10.34,41.497,46.851,9.3469,9.3473,9.347,9.3386,9.3516,9.3446
Ad6c,90.116,0.432,0.276,0,0.038,0.086,0.032,63.937,0.004,8.908,19.858,7.293,8.8844,8.8848,8.8843,8.8767,8.8867,8.8834
As6d,90.094,0.432,0.318,0,0.037,0.072,0.005,73.657,0.006,8.537,16.573,1.227,9.066,9.066,9.066,9.0599,9.0692,9.0662
Ah6d,90.089,0.432,0.333,0,0.032,0.065,0.002,77.142,0.011,7.469,15.016,0.363,9.1595,9.1594,9.1595,9.1548,9.1625,9.1594
Ad6h,90.079,0.432,0.392,0,0.02,0.02,0,90.716,0,4.63,4.654,0,9.1693,9.1693,9.1687,9.1669,9.171,9.1366
As6c,90.05,0.432,0.147,0,0.033,0.109,0.143,34.112,0.014,7.62,25.128,33.126,8.8642,8.863,8.8643,8.8569,8.8689,8.8636
Ah6c,90.045,0.432,0.18,0,0.03,0.101,0.121,41.761,0.008,6.97,23.295,27.966,8.9551,8.9545,8.955,8.9486,8.9594,8.9538
As6h,90.013,0.432,0.276,0,0.035,0.088,0.033,63.888,0.007,8.106,20.34,7.659,9.1318,9.1313,9.132,9.1262,9.1358,9.1316
Ah6h,89.945,0.342,0.247,0,0.026,0.061,0.008,72.086,0.006,7.733,17.846,2.329,9.2225,9.2224,9.2226,9.2169,9.2254,9.2219
AdKd,87.609,0.43,0.407,0,0.005,0.018,0,94.741,0.002,1.182,4.074,0,7.313,7.313,7.313,7.3125,7.3137,7.2566
AsKs,87.578,0.43,0.43,0,0,0,0,100,0,0,0,0,7.3556,7.3556,7.3514,7.352,7.3321,7.24
AdKc,86.919,0.446,0.432,0,0.004,0.01,0,96.851,0.002,0.832,2.315,0,6.9717,6.9717,6.9717,6.9711,6.9718,6.918
AdKs,86.904,0.446,0.422,0,0.007,0.018,0,94.521,0.002,1.461,4.016,0,6.9799,6.9799,6.98,6.9792,6.9806,6.9269
AsKc,86.828,0.446,0.42,0,0.006,0.02,0,94.08,0.002,1.437,4.481,0,6.9194,6.9194,6.9193,6.9188,6.9199,6.8787
AsKd,86.801,0.446,0.418,0,0.007,0.021,0,93.693,0.004,1.523,4.78,0,6.908,6.908,6.908,6.9074,6.9088,6.8685
AhKc,86.757,0.446,0.432,0,0.004,0.01,0,96.906,0,0.786,2.308,0,6.9986,6.9986,6.9985,6.9982,6.9987,6.9146
AhKs,86.743,0.446,0.418,0,0.007,0.021,0,93.725,0,1.581,4.694,0,7.0081,7.008,7.0079,7.0072,7.0087,6.9269
AhKd,86.73,0.446,0.431,0,0.004,0.012,0,96.55,0.003,0.839,2.609,0,6.9871,6.9871,6.9871,6.9868,6.9877,6.9059
AdKh,86.711,0.446,0.416,0,0.005,0.025,0,93.188,0,1.106,5.706,0,6.9519,6.9519,6.9512,6.951,6.9526,6.8922
Qc6c,86.624,0.406,0.4,0,0.005,0.001,0,98.435,0,1.293,0.272,0,8.2173,8.2173,8.2092,8.2167,8.2173,8.1774
AsKh,86.62,0.446,0.412,0,0.005,0.028,0,92.453,0.005,1.167,6.376,0,6.9056,6.9056,6.9055,6.905,6.9064,6.8554
AhKh,86.549,0.43,0.416,0,0.002,0.012,0,96.717,0,0.488,2.795,0,6.9848,6.9848,6.9846,6.9845,6.9852,6.8922
AdJd,86.484,0.514,0.249,0,0.027,0.16,0.078,48.451,0.001,5.212,31.093,15.244,6.5335,6.5331,6.5335,6.5282,6.5362,6.5311
AsJs,86.413,0.514,0.363,0,0.013,0.095,0.043,70.664,0,2.492,18.559,8.285,6.535,6.5344,6.5347,6.5335,6.5378,6.5343
Qh6h,85.924,0.406,0.406,0,0,0,0,100,0,0,0,0,8.5998,8.5998,8.4885,8.4137,8.2717,8.0763
AdJc,85.736,0.422,0.343,0,0.016,0.056,0.008,81.243,0,3.682,13.179,1.896,6.1599,6.1596,6.1569,6.158,6.1621,6.1599
AdJs,85.659,0.422,0.33,0,0.019,0.067,0.006,78.315,0,4.403,15.836,1.446,6.1572,6.1569,6.155,6.1545,6.1593,6.1575
AsJc,85.648,0.422,0.284,0,0.024,0.088,0.027,67.195,0,5.645,20.858,6.302,6.1326,6.1323,6.1275,6.1283,6.1351,6.1323
AdTd,85.603,0.43,0.051,0,0.012,0.114,0.253,11.923,0,2.79,26.508,58.779,6.0296,6.0265,6.0294,6.0278,6.033,6.0289
AhJc,85.581,0.422,0.313,0,0.015,0.077,0.018,74.176,0,3.438,18.184,4.202,6.1542,6.1538,6.1488,6.1517,6.1564,6.1535
AsJd,85.556,0.422,0.343,0,0.017,0.061,0.001,81.197,0.003,4.023,14.456,0.321,6.1346,6.1344,6.1346,6.1326,6.1368,6.1352
AsTs,85.545,0.43,0.186,0,0.008,0.08,0.156,43.15,0.002,1.97,18.636,36.242,6.0217,6.0214,6.0212,6.0202,6.0246,6.0207
AhJs,85.505,0.422,0.291,0,0.021,0.093,0.017,69.047,0,4.976,22.012,3.965,6.1516,6.1511,6.1476,6.1481,6.1539,6.1515
AhJd,85.489,0.422,0.356,0,0.011,0.054,0,84.417,0,2.724,12.859,0,6.1575,6.1572,6.1574,6.1563,6.1595,6.157
AdJh,85.461,0.422,0.322,0,0.017,0.079,0.004,76.311,0.003,4.014,18.628,1.044,6.1374,6.1369,6.1375,6.1354,6.14,6.1374
AsJh,85.374,0.422,0.279,0,0.02,0.104,0.019,66.1,0.002,4.789,24.717,4.392,6.1124,6.1117,6.1124,6.1086,6.115,6.1124
AhJh,85.371,0.514,0.334,0,0.025,0.123,0.033,64.908,0.008,4.863,23.87,6.35,6.1356,6.1347,6.1357,6.1323,6.1386,6.1353
AdTc,84.793,0.468,0.248,0,0.028,0.097,0.095,53.085,0.005,5.982,20.707,20.221,5.6236,5.6246,5.6236,5.6173,5.6264,5.6202
AdTs,84.761,0.468,0.258,0,0.034,0.095,0.081,55.131,0,7.322,20.269,17.278,5.6253,5.6256,5.6242,5.6187,5.6286,5.6233
AsTc,84.705,0.468,0.188,0,0.032,0.112,0.136,40.112,0.006,6.893,23.864,29.124,5.5982,5.5986,5.5978,5.5912,5.6016,5.5964
AsTd,84.66,0.468,0.24,0,0.042,0.111,0.075,51.278,0,9.029,23.764,15.929,5.5971,5.5977,5.5953,5.5891,5.6004,5.5949
AhTc,84.643,0.468,0.202,0,0.024,0.102,0.139,43.269,0.01,5.163,21.799,29.759,5.6054,5.6058,5.6053,5.6011,5.6086,5.6034
AhTs,84.611,0.468,0.228,0,0.025,0.095,0.12,48.817,0,5.349,20.219,25.615,5.6085,5.6087,5.6076,5.6036,5.6112,5.607
AdTh,84.608,0.468,0.203,0,0.036,0.119,0.111,43.305,0.008,7.675,25.395,23.617,5.6039,5.6039,5.6036,5.5972,5.6081,5.6014
AhTd,84.598,0.468,0.282,0,0.025,0.093,0.069,60.184,0,5.291,19.866,14.659,5.6063,5.6066,5.605,5.6012,5.6087,5.6037
AsTh,84.52,0.468,0.163,0,0.034,0.126,0.144,34.889,0.004,7.354,27.012,30.741,5.5797,5.58,5.579,5.572,5.5834,5.5779
AhTh,84.478,0.43,0.177,0,0.02,0.105,0.128,41.265,0.01,4.564,24.429,29.733,5.5902,5.5901,5.5899,5.5855,5.5937,5.5883
Ad9d,83.586,0.526,0.028,0,0.033,0.172,0.293,5.27,0.005,6.266,32.771,55.687,5.6429,5.6419,5.6424,5.6371,5.6475,5.6408
As9s,83.557,0.526,0.086,0,0.052,0.172,0.216,16.372,0.021,9.93,32.648,41.028,5.6307,5.6314,5.6305,5.6211,5.6364,5.6282
Ad9s,82.636,0.55,0.148,0,0.075,0.134,0.193,26.82,0.012,13.668,24.357,35.143,5.1994,5.2017,5.1995,5.1879,5.2051,5.198
Ad9c,82.633,0.55,0.154,0,0.061,0.142,0.193,27.924,0.009,11.165,25.858,35.044,5.1932,5.195,5.1928,5.1829,5.1986,5.1911
As9c,82.543,0.55,0.108,0,0.059,0.151,0.232,19.593,0.008,10.755,27.381,42.263,5.1743,5.175,5.174,5.1646,5.1796,5.1729
As9d,82.527,0.55,0.21,0,0.054,0.125,0.161,38.107,0.004,9.78,22.788,29.321,5.1834,5.1841,5.1833,5.1738,5.1883,5.1818
Ah9s,82.497,0.55,0.107,0,0.068,0.147,0.228,19.412,0.007,12.327,26.791,41.463,5.1773,5.1786,5.1774,5.1668,5.183,5.1761
Ah9c,82.493,0.55,0.115,0,0.054,0.154,0.227,20.983,0.017,9.894,27.923,41.184,5.171,5.1721,5.1707,5.1617,5.1762,5.1691
Ah9d,82.477,0.55,0.226,0,0.045,0.126,0.153,41.056,0.001,8.158,22.975,27.81,5.1809,5.1816,5.1807,5.1722,5.1859,5.1781
Ad9h,82.453,0.55,0.228,0,0.028,0.133,0.161,41.405,0,5.151,24.249,29.195,5.185,5.1836,5.1834,5.1798,5.1905,5.1833
As9h,82.363,0.55,0.173,0,0.038,0.143,0.196,31.373,0,6.948,25.966,35.713,5.1655,5.1635,5.1641,5.1593,5.1711,5.1645
Ah9h,82.312,0.526,0.187,0,0.027,0.132,0.179,35.578,0,5.218,25.134,34.07,5.1629,5.1612,5.1606,5.1578,5.1683,5.1615
Ad8d,82.223,0.444,0,0,0.015,0.145,0.284,0,0.004,3.402,32.545,64.049,5.371,5.3479,5.3707,5.3679,5.3758,5.3687
As8s,82.201,0.444,0.037,0,0.022,0.15,0.235,8.361,0.019,4.997,33.723,52.9,5.3561,5.3556,5.3563,5.3518,5.3615,5.3531
Ad7d,81.269,0.398,0,0,0.025,0.097,0.276,0,0.004,6.339,24.392,69.264,5.1147,5.0921,5.1144,5.1112,5.1187,5.1137
As7s,81.217,0.398,0.039,0,0.022,0.105,0.233,9.714,0,5.428,26.403,58.454,5.0862,5.0847,5.0851,5.0821,5.0908,5.0847
Ad8c,81.193,0.288,0.045,0,0.023,0.066,0.154,15.786,0,8.036,22.804,53.373,4.9185,4.9186,4.9182,4.912,4.9238,4.9172
Ad8s,81.192,0.288,0.06,0,0.025,0.055,0.148,20.787,0,8.67,19.04,51.503,4.9264,4.9269,4.9254,4.9193,4.9308,4.9258
As8c,81.103,0.288,0.019,0,0.018,0.071,0.18,6.584,0.005,6.23,24.606,62.576,4.9031,4.9027,4.9029,4.8978,4.9084,4.9016
As8d,81.1,0.288,0.076,0,0.024,0.053,0.134,26.433,0,8.477,18.432,46.658,4.9214,4.9202,4.9195,4.9145,4.9259,4.9215
Ah8c,81.063,0.288,0.016,0,0.015,0.079,0.178,5.406,0.016,5.279,27.436,61.864,4.8907,4.8918,4.8903,4.886,4.8965,4.8885
Ah8s,81.062,0.288,0.026,0,0.02,0.067,0.175,9.137,0.01,6.832,23.179,60.841,4.8982,4.8999,4.8983,4.8926,4.9032,4.8966
Ah8d,81.06,0.288,0.074,0,0.022,0.059,0.133,25.65,0,7.51,20.602,46.238,4.9096,4.9099,4.9081,4.9024,4.9145,4.9084
Ad8h,80.993,0.288,0.138,0,0.01,0.061,0.079,47.839,0,3.443,21.343,27.375,4.9127,4.9116,4.9016,4.9098,4.9178,4.9108
As8h,80.903,0.288,0.111,0,0.012,0.067,0.099,38.374,0,4.049,23.334,34.242,4.896,4.894,4.8859,4.8928,4.9015,4.8948
Ah8h,80.872,0.444,0.131,0,0.02,0.116,0.177,29.49,0,4.5,26.118,39.892,4.8786,4.8752,4.8713,4.8748,4.8843,4.8779
Ad7c,80.192,0.452,0.056,0,0.028,0.098,0.27,12.43,0.002,6.14,21.7,59.728,4.6479,4.6476,4.6477,4.6426,4.652,4.647
Ad7s,80.17,0.452,0.058,0,0.027,0.098,0.269,12.746,0.006,5.939,21.706,59.604,4.6485,4.6485,4.6485,4.6437,4.653,4.6474
As7d,80.122,0.452,0.069,0,0.028,0.102,0.253,15.277,0.004,6.301,22.526,55.891,4.6586,4.6581,4.6584,4.6528,4.6629,4.6577
As7c,80.101,0.452,0.037,0,0.029,0.1,0.286,8.111,0.011,6.355,22.155,63.368,4.6335,4.633,4.6332,4.6284,4.6377,4.6326
Ah7d,80.09,0.452,0.063,0,0.028,0.107,0.254,13.889,0,6.159,23.732,56.22,4.6429,4.6426,4.6426,4.6374,4.6473,4.6417
Ah7c,80.069,0.452,0.027,0,0.029,0.106,0.29,5.913,0.006,6.478,23.468,64.134,4.6174,4.6177,4.6172,4.6126,4.6218,4.6163
Ad5d,80.063,0.416,0,0,0.037,0.148,0.231,0,0,8.85,35.653,55.497,4.8353,4.7615,4.8303,4.8289,4.8413,4.8325
Ah7s,80.047,0.452,0.036,0,0.029,0.104,0.282,7.972,0.009,6.51,23.114,62.395,4.6184,4.6187,4.6184,4.6139,4.6232,4.6171
As5s,80.012,0.416,0,0,0.032,0.151,0.234,0,0,7.597,36.236,56.168,4.8039,4.7764,4.799,4.7973,4.8097,4.8011
Ad7h,80.012,0.452,0.131,0,0.014,0.132,0.175,28.91,0,3.18,29.29,38.621,4.6486,4.6473,4.6443,4.6446,4.6535,4.6461
Ad3d,79.977,0.452,0,0,0.013,0.12,0.319,0,0,2.833,26.516,70.651,4.8779,4.7684,4.872,4.8757,4.8823,4.8764
As3s,79.959,0.452,0,0,0.032,0.122,0.299,0,0.001,6.984,26.928,66.087,4.848,4.7922,4.8475,4.8427,4.8521,4.8469
Ad4d,79.938,0.378,0,0,0.019,0.107,0.252,0,0,4.949,28.351,66.7,4.834,4.7517,4.8287,4.8308,4.8392,4.832
As4s,79.921,0.378,0,0,0.026,0.12,0.232,0,0,6.991,31.67,61.339,4.8066,4.7802,4.805,4.8008,4.8117,4.8046
As7h,79.921,0.452,0.097,0,0.022,0.14,0.194,21.547,0,4.764,30.87,42.819,4.6333,4.6308,4.63,4.6289,4.6385,4.6314
Ad2d,79.908,0.486,0,0,0.004,0.146,0.336,0,0,0.778,30.036,69.187,4.9484,4.7798,4.8801,4.9472,4.9528,4.9465
Ah7h,79.878,0.398,0.075,0,0.018,0.131,0.175,18.757,0,4.419,32.823,44.001,4.6179,4.6155,4.6132,4.613,4.6231,4.6156
As2s,79.856,0.486,0,0,0.009,0.142,0.336,0,0,1.773,29.128,69.099,4.9121,4.7795,4.8507,4.9103,4.9165,4.9103
Ad5c,78.961,0.508,0,0,0.019,0.113,0.376,0,0.001,3.754,22.218,74.027,4.3787,4.3606,4.3784,4.3761,4.3829,4.3776
Ad3s,78.913,0.208,0,0,0.005,0.045,0.158,0,0.002,2.42,21.438,76.14,4.4267,4.3827,4.4266,4.4257,4.4298,4.4259
Ad5s,78.878,0.508,0,0,0.024,0.107,0.376,0,0,4.765,21.149,74.086,4.3771,4.3684,4.3762,4.3739,4.3809,4.3762
Ad4s,78.854,0.428,0,0,0.018,0.117,0.293,0,0.003,4.176,27.379,68.441,4.3778,4.3729,4.3775,4.3743,4.382,4.3764
As5c,78.852,0.508,0,0,0.024,0.117,0.367,0,0,4.717,23.116,72.167,4.3562,4.3322,4.3558,4.353,4.3606,4.355
Ah5c,78.847,0.508,0,0,0.03,0.132,0.346,0,0,5.808,26.041,68.151,4.3521,4.2916,4.3508,4.348,4.3569,4.3506
Ad3c,78.824,0.208,0,0,0.012,0.048,0.148,0,0.001,5.673,23,71.326,4.4292,4.3792,4.4287,4.4256,4.4328,4.4283
Ad4c,78.804,0.428,0,0,0.031,0.113,0.284,0,0,7.2,26.346,66.453,4.3664,4.3571,4.366,4.3618,4.3705,4.3653
Ah3s,78.804,0.208,0,0,0.003,0.042,0.162,0,0,1.599,20.334,78.067,4.4011,4.3221,4.3999,4.4,4.405,4.4001
As5d,78.803,0.508,0,0,0.018,0.102,0.388,0,0,3.64,20.003,76.357,4.3672,4.3508,4.3644,4.365,4.371,4.3664
As3d,78.801,0.208,0,0,0.005,0.048,0.155,0,0,2.545,23.063,74.392,4.412,4.3805,4.4113,4.4099,4.4155,4.411
Ah3d,78.799,0.208,0,0,0.017,0.05,0.14,0,0.002,8.228,24.261,67.51,4.4111,4.3431,4.4109,4.4071,4.4156,4.4099
Ah5d,78.798,0.508,0,0,0.016,0.119,0.373,0,0.004,3.073,23.417,73.506,4.3633,4.3169,4.3629,4.3605,4.3675,4.3621
Ah5s,78.764,0.508,0,0,0.038,0.133,0.337,0,0.002,7.461,26.149,66.389,4.3502,4.303,4.3497,4.3456,4.3549,4.3489
Ah4s,78.743,0.428,0,0,0.017,0.126,0.286,0,0.005,3.894,29.349,66.752,4.3515,4.3232,4.3511,4.3479,4.3566,4.3495
As4d,78.741,0.428,0,0,0.027,0.113,0.288,0,0,6.392,26.359,67.248,4.3642,4.3577,4.3638,4.3587,4.3684,4.3631
Ah4d,78.738,0.428,0,0,0.039,0.118,0.271,0,0,9.187,27.515,63.297,4.3613,4.3318,4.3604,4.355,4.3662,4.36
As3c,78.717,0.208,0,0,0.002,0.042,0.164,0,0,0.736,20.181,79.083,4.4053,4.3514,4.4009,4.4045,4.409,4.4044
Ah3c,78.715,0.208,0,0,0.007,0.046,0.156,0,0,3.315,21.924,74.761,4.4037,4.3205,4.4014,4.4006,4.4082,4.4025
Ad3h,78.708,0.208,0,0,0.006,0.08,0.121,0,0,3.104,38.64,58.256,4.3989,4.3764,4.3958,4.3948,4.4032,4.3964
As4c,78.697,0.428,0,0,0.02,0.116,0.292,0,0,4.688,27.08,68.232,4.3436,4.3337,4.3431,4.3402,4.3477,4.3422
Ah4c,78.693,0.428,0,0,0.024,0.121,0.283,0,0,5.619,28.269,66.113,4.3404,4.3072,4.3399,4.336,4.3451,4.3388
Ad5h,78.673,0.508,0.004,0,0.013,0.152,0.339,0.731,0,2.505,29.958,66.806,4.3643,4.3642,4.3628,4.3615,4.3686,4.3625
Ad4h,78.628,0.428,0.028,0,0.014,0.139,0.247,6.437,0,3.31,32.448,57.805,4.3592,4.3589,4.3561,4.3558,4.3637,4.3569
Ah5h,78.615,0.416,0,0,0.023,0.14,0.253,0,0,5.528,33.572,60.9,4.3424,4.2953,4.3404,4.338,4.3474,4.34
As3h,78.601,0.208,0,0,0,0.071,0.137,0,0,0,34.343,65.657,4.3753,4.3494,4.3709,4.3732,4.3791,4.3734
As5h,78.565,0.508,0,0,0.02,0.148,0.34,0,0,4.027,29.139,66.833,4.3413,4.332,4.3391,4.3377,4.3456,4.3396
Ah3h,78.525,0.452,0,0,0.024,0.152,0.276,0,0,5.382,33.663,60.954,4.3606,4.312,4.3583,4.3562,4.365,4.3586
As4h,78.521,0.428,0.019,0,0.004,0.131,0.274,4.496,0,0.945,30.519,64.04,4.3356,4.3345,4.3328,4.3341,4.3398,4.3337
Ah4h,78.482,0.378,0,0,0.017,0.13,0.232,0,0,4.43,34.302,61.268,4.33,4.3125,4.3272,4.3265,4.3348,4.3276
Ah2h,78.452,0.486,0,0,0.008,0.147,0.332,0,0,1.545,30.219,68.236,4.4137,4.3088,4.3662,4.4119,4.4182,4.4117
KcQc,74.768,0.394,0,0,0.038,0.182,0.174,0,0.004,9.612,46.231,44.152,4.1364,3.9863,4.136,4.1273,4.1418,4.1326
KsQs,74.409,0.394,0,0,0.007,0.142,0.245,0,0,1.866,36.008,62.126,4.0208,3.886,4.02,4.0176,4.0247,4.0186
KdQc,73.3,0.45,0,0,0.028,0.11,0.312,0,0.008,6.257,24.443,69.292,3.6392,3.5267,3.6387,3.6346,3.6431,3.6382
KsQc,73.272,0.45,0,0,0.04,0.084,0.325,0,0.001,8.988,18.706,72.304,3.6531,3.5478,3.6522,3.6486,3.6576,3.6525
KdQs,73.163,0.45,0,0,0.042,0.11,0.298,0,0.001,9.226,24.45,66.322,3.6274,3.5076,3.6272,3.6211,3.6332,3.6262
KcQs,73.115,0.45,0,0,0.04,0.103,0.307,0,0.008,8.807,22.917,68.268,3.6293,3.5089,3.6292,3.6239,3.6343,3.6284
KdQh,73.11,0.45,0.01,0,0.033,0.145,0.263,2.208,0.008,7.248,32.164,58.372,3.6193,3.6204,3.6196,3.6132,3.6235,3.6177
KsQh,73.083,0.45,0.018,0,0.043,0.111,0.279,3.898,0.002,9.519,24.631,61.95,3.6329,3.6327,3.6321,3.627,3.6378,3.6318
KcQh,73.062,0.45,0.015,0,0.022,0.1,0.313,3.368,0,4.945,22.206,69.481,3.6205,3.6204,3.6196,3.6157,3.6235,3.6199
KhQc,73.057,0.45,0,0,0.018,0.171,0.261,0,0,3.94,38.048,58.012,3.6243,3.5174,3.6232,3.6173,3.6285,3.6219
KhQs,72.921,0.45,0,0,0.046,0.175,0.23,0,0,10.129,38.819,51.052,3.612,3.4958,3.6101,3.6033,3.6185,3.6089
KhQh,72.917,0.394,0.014,0,0.029,0.167,0.184,3.427,0.003,7.465,42.288,46.817,3.6071,3.6067,3.6065,3.5985,3.6125,3.6037
QcJc,72.539,0.42,0,0,0.043,0.177,0.199,0,0.002,10.298,42.242,47.458,3.8232,3.7639,3.823,3.8132,3.8265,3.8223
QsJs,72.123,0.42,0,0,0.034,0.158,0.228,0,0.002,8.017,37.648,54.333,3.7088,3.6467,3.7087,3.7024,3.7125,3.7072
KsKc,71.756,0.474,0,0,0.006,0.085,0.383,0,0,1.319,17.946,80.735,3.6074,3.0813,3.4918,3.6059,3.611,3.6066
KsKd,71.709,0.474,0,0,0.006,0.073,0.395,0,0,1.299,15.327,83.374,3.5978,3.0851,3.4682,3.5967,3.6014,3.5972
KdKc,71.686,0.474,0,0,0.005,0.075,0.394,0,0,1.051,15.779,83.17,3.5817,3.0735,3.4489,3.5805,3.5848,3.5811
KsKh,71.57,0.474,0,0,0.009,0.084,0.381,0,0,1.875,17.826,80.299,3.5834,3.0586,3.4561,3.5812,3.5873,3.5825
QcTc,71.559,0.434,0,0,0.038,0.143,0.253,0,0.004,8.763,32.853,58.379,3.6857,3.6677,3.6855,3.6793,3.6895,3.6845
KcKh,71.546,0.474,0,0,0.007,0.081,0.387,0,0,1.384,17.023,81.593,3.5665,3.0454,3.4372,3.5652,3.5699,3.5658
KdKh,71.498,0.474,0,0,0.007,0.074,0.393,0,0,1.569,15.604,82.827,3.5578,3.0487,3.4147,3.5561,3.5607,3.5572
QsTs,71.196,0.434,0,0,0.027,0.133,0.274,0,0.001,6.202,30.587,63.21,3.5753,3.547,3.575,3.5707,3.5798,3.5736
QcJs,70.965,0.506,0,0,0.034,0.183,0.289,0,0,6.773,36.208,57.019,3.3939,3.3253,3.3933,3.3894,3.3995,3.3908
QcJd,70.908,0.506,0,0,0.037,0.195,0.274,0,0,7.273,38.536,54.191,3.3775,3.2947,3.377,3.3718,3.3831,3.3742
QsJc,70.896,0.506,0,0,0.044,0.204,0.258,0,0,8.625,40.313,51.062,3.3891,3.312,3.3879,3.3817,3.3949,3.3858
QhJc,70.848,0.506,0.053,0,0.033,0.195,0.226,10.467,0,6.43,38.475,44.629,3.3822,3.3817,3.3816,3.3742,3.3879,3.3785
QhJs,70.781,0.506,0.04,0,0.03,0.174,0.262,7.91,0,5.862,34.364,51.864,3.3756,3.3745,3.3749,3.3707,3.3806,3.3731
QsJd,70.772,0.506,0,0,0.035,0.191,0.28,0,0,6.857,37.842,55.301,3.3664,3.2823,3.3657,3.3606,3.3713,3.3638
QcJh,70.732,0.506,0,0,0.039,0.208,0.259,0,0,7.796,41.062,51.142,3.3574,3.273,3.3568,3.3502,3.3632,3.3539
QhJd,70.724,0.506,0.017,0,0.037,0.197,0.255,3.325,0,7.36,38.839,50.476,3.3585,3.3584,3.3575,3.3522,3.3633,3.3558
QsJh,70.596,0.506,0,0,0.04,0.203,0.263,0,0,7.893,40.034,52.072,3.3462,3.2639,3.3458,3.339,3.3513,3.3434
QhJh,70.54,0.42,0.032,0,0.033,0.165,0.19,7.64,0,7.819,39.352,45.189,3.3393,3.3385,3.3365,3.3316,3.3443,3.3363
QcTs,69.937,0.482,0,0,0.017,0.15,0.315,0,0,3.607,31.039,65.355,3.2415,3.2321,3.2389,3.2384,3.2467,3.2392
QcTd,69.937,0.482,0,0,0.02,0.157,0.305,0,0,4.086,32.617,63.297,3.2331,3.2166,3.2316,3.2292,3.2384,3.2305
QsTc,69.832,0.482,0,0,0.026,0.163,0.293,0,0,5.455,33.786,60.759,3.2313,3.2102,3.2282,3.2275,3.2366,3.2286
QsTd,69.799,0.482,0,0,0.023,0.147,0.312,0,0,4.767,30.574,64.66,3.221,3.1909,3.22,3.2167,3.2259,3.2191
QhTc,69.793,0.482,0.115,0,0.011,0.127,0.229,23.864,0,2.272,26.4,47.464,3.2274,3.2274,3.2226,3.2246,3.2327,3.2246
QcTh,69.787,0.482,0,0,0.025,0.177,0.28,0,0,5.091,36.735,58.173,3.2167,3.1984,3.2158,3.211,3.2228,3.2132
QhTs,69.76,0.482,0.094,0,0.015,0.114,0.26,19.428,0,3.143,23.579,53.851,3.2253,3.2242,3.2216,3.2228,3.2303,3.2237
QhTd,69.76,0.482,0.039,0,0.027,0.141,0.275,8.016,0,5.668,29.285,57.03,3.2161,3.2155,3.215,3.2123,3.2211,3.2141
Qc9c,69.66,0.422,0.069,0,0.039,0.169,0.145,16.339,0,9.28,40.073,34.308,3.5854,3.5842,3.5814,3.5759,3.5903,3.5828
QsTh,69.65,0.482,0,0,0.029,0.168,0.285,0,0,6.041,34.863,59.096,3.2044,3.1724,3.2023,3.1984,3.2102,3.2017
QhTh,69.618,0.434,0.037,0,0.027,0.145,0.226,8.471,0,6.145,33.326,52.057,3.1999,3.1984,3.1974,3.1943,3.2058,3.1971
Qs9s,69.394,0.422,0.052,0,0.03,0.157,0.182,12.298,0,7.21,37.322,43.171,3.4862,3.4863,3.4827,3.479,3.4905,3.4835
Qc8c,68.994,0.328,0.038,0,0.002,0.077,0.21,11.71,0,0.667,23.488,64.135,3.607,3.6068,3.6021,3.6064,3.6109,3.6056
Qc7c,68.734,0.524,0.068,0,0.011,0.083,0.363,12.895,0,2.031,15.779,69.294,3.5562,3.5559,3.5544,3.5551,3.5589,3.5557
Qs8s,68.729,0.328,0.033,0,0,0.073,0.222,10.06,0,0.06,22.186,67.694,3.5307,3.5307,3.5106,3.5305,3.5341,3.5296
Qs7s,68.41,0.524,0.031,0,0.004,0.086,0.402,5.972,0,0.756,16.476,76.796,3.4598,3.4594,3.4364,3.4593,3.4625,3.4593
Qc9s,68.005,0.468,0.045,0,0,0.1,0.323,9.632,0,0.056,21.34,68.972,3.1294,3.1278,3.1236,3.1293,3.1335,3.1284
Qc5c,67.962,0.49,0,0,0.008,0.118,0.364,0,0,1.644,24.166,74.19,3.5138,3.4955,3.5101,3.5127,3.5173,3.5127
Qc3c,67.944,0.498,0,0,0.005,0.112,0.38,0,0,1.083,22.548,76.369,3.5804,3.5254,3.5746,3.5796,3.5835,3.5794
Qc9d,67.936,0.468,0.124,0,0.001,0.09,0.253,26.412,0,0.262,19.216,54.11,3.1177,3.1182,3.1114,3.117,3.1217,3.1161
Qc2c,67.932,0.026,0,0,0,0,0.026,0,0,0,0,100,3.7502,3.5635,3.5779,3.6306,3.7335,3.7502
Qc4c,67.869,0.468,0,0,0.007,0.111,0.35,0,0,1.437,23.749,74.814,3.5356,3.5107,3.5332,3.5348,3.5388,3.5347
Qh9s,67.838,0.468,0,0,0.005,0.142,0.321,0.066,0,0.986,30.354,68.594,3.1081,3.1085,3.0997,3.1071,3.1128,3.106
Qs9c,67.816,0.468,0.027,0,0,0.11,0.331,5.698,0,0.026,23.595,70.682,3.1046,3.1044,3.0978,3.1044,3.1086,3.1033
Qs3s,67.811,0.498,0,0,0.001,0.086,0.41,0,0,0.299,17.296,82.405,3.475,3.4355,3.4441,3.4748,3.4775,3.4745
Qc9h,67.797,0.468,0.134,0,0.002,0.109,0.223,28.702,0,0.361,23.341,47.596,3.1022,3.1009,3.0991,3.1017,3.107,3.1007
Qs9d,67.795,0.468,0.073,0,0.002,0.102,0.291,15.55,0,0.37,21.871,62.208,3.1032,3.1035,3.0957,3.1027,3.1071,3.1018
Qh9c,67.789,0.468,0.04,0,0.001,0.144,0.283,8.588,0,0.122,30.829,60.462,3.0978,3.0968,3.087,3.097,3.103,3.0953
Qh9d,67.768,0.468,0.013,0,0.015,0.157,0.283,2.733,0,3.223,33.511,60.533,3.0954,3.0954,3.0831,3.0922,3.1002,3.0929
Qs2s,67.698,0.026,0,0,0,0,0.026,0,0,0,0,100,3.6168,3.4271,3.431,3.4891,3.5886,3.6168
Qs4s,67.661,0.468,0,0,0.001,0.08,0.387,0,0,0.136,17.146,82.718,3.4249,3.3994,3.4046,3.4247,3.4276,3.4243
Qs9h,67.656,0.468,0.07,0,0.008,0.13,0.261,14.885,0,1.704,27.746,55.666,3.0875,3.0851,3.0822,3.0858,3.0922,3.0858
Qh9h,67.616,0.422,0.026,0,0.023,0.152,0.221,6.14,0,5.432,35.973,52.455,3.08,3.0773,3.0726,3.0758,3.0852,3.0771
Qs5s,67.496,0.49,0,0,0,0.066,0.424,0,0,0,13.423,86.577,3.379,3.353,3.3292,3.3561,3.3815,3.3787
Qh8h,66.906,0.328,0,0,0,0.066,0.262,0,0,0,20.23,79.77,3.1121,3.0686,3.0484,3.1043,3.1154,3.1112
Qh7h,66.688,0.524,0,0,0,0.08,0.444,0,0,0,15.335,84.665,3.0755,2.9662,2.9587,3.0731,3.0785,3.075
Qh3h,65.985,0.498,0,0,0,0.127,0.371,0,0,0,25.518,74.482,3.092,2.802,2.9681,3.0481,3.0953,3.0909
Qh2h,65.941,0.026,0,0,0,0,0.026,0,0,0,0,100,3.2056,2.8175,2.9683,3.0641,3.1927,3.2056
Qh4h,65.829,0.468,0,0,0,0.103,0.365,0,0,0,22.103,77.897,3.0483,2.7958,2.9334,3.0001,3.0515,3.0473
Qh5h,65.749,0.49,0,0,0,0.074,0.416,0,0,0,15.108,84.892,3.0295,2.7806,2.8765,2.9737,3.0322,3.029
JsJc,60.413,0.44,0,0,0,0.033,0.407,0,0,0,7.495,92.505,2.6104,2.205,2.3152,2.4992,2.6126,2.6102
JdJc,60.316,0.44,0,0,0,0.033,0.407,0,0,0,7.39,92.61,2.5947,2.1591,2.2834,2.4888,2.5974,2.5945
JsJd,60.289,0.44,0,0,0,0.032,0.408,0,0,0,7.306,92.694,2.5992,2.1609,2.2957,2.4793,2.6012,2.599
JcJh,60.164,0.44,0,0,0,0.023,0.417,0,0,0,5.275,94.725,2.5701,2.1419,2.2813,2.4598,2.5717,2.57
JsJh,60.138,0.44,0,0,0,0.024,0.416,0,0,0,5.406,94.594,2.5737,2.1453,2.2977,2.4479,2.5746,2.5736
JdJh,60.04,0.44,0,0,0,0.022,0.418,0,0,0,5.019,94.981,2.5591,2.0986,2.2627,2.4411,2.561,2.559
TdTc,59.407,0.446,0,0,0,0.042,0.404,0,0,0,9.512,90.488,2.5265,2.1701,2.2444,2.4385,2.5288,2.5263
TsTc,59.397,0.446,0,0,0,0.042,0.404,0,0,0,9.415,90.585,2.5325,2.2024,2.2603,2.4429,2.5346,2.5323
TsTd,59.381,0.446,0,0,0,0.04,0.406,0,0,0,8.968,91.032,2.5294,2.1815,2.2442,2.4352,2.5315,2.5291
Kc6c,59.335,0.498,0,0,0.01,0.175,0.314,0,0,1.918,35.049,63.033,3.4026,3.3928,3.3918,3.4014,3.4056,3.401
Kd6d,59.305,0.498,0,0,0.007,0.151,0.34,0,0,1.451,30.363,68.186,3.2934,3.2545,3.2752,3.2922,3.2956,3.2925
TcTh,59.259,0.446,0,0,0,0.045,0.401,0,0,0,10.162,89.838,2.5009,2.1441,2.2359,2.4107,2.5032,2.5006
TdTh,59.242,0.446,0,0,0,0.044,0.402,0,0,0,9.884,90.116,2.4978,2.1257,2.2195,2.405,2.5002,2.4976
TsTh,59.232,0.446,0,0,0,0.046,0.4,0,0,0,10.29,89.71,2.5037,2.1561,2.2368,2.4074,2.506,2.5034
Jc6c,58.143,0.544,0.263,0,0.001,0.054,0.226,48.416,0,0.21,9.856,41.517,3.0664,3.0667,3.0618,3.0662,3.0679,3.0658
Jd6d,57.97,0.544,0.155,0,0.002,0.066,0.322,28.469,0,0.302,12.111,59.118,3.0026,3.0026,2.9987,3.0024,3.0041,3.0022
Tc6c,57.695,0.564,0.208,0,0.009,0.078,0.269,36.857,0,1.614,13.879,47.65,2.9794,2.9793,2.9793,2.9785,2.9818,2.9788
Td6d,57.62,0.564,0.171,0,0.013,0.098,0.281,30.376,0.003,2.334,17.402,49.885,2.9483,2.9481,2.9482,2.9471,2.9507,2.9475
Kh6h,56.807,0.498,0.103,0,0.011,0.141,0.242,20.766,0,2.13,28.411,48.693,2.8644,2.863,2.863,2.863,2.8674,2.8633
9s9c,56.743,0.426,0,0,0,0.049,0.377,0,0,0,11.463,88.537,2.5237,2.1359,2.1048,2.3606,2.526,2.5234
9s9d,56.696,0.426,0,0,0,0.047,0.379,0,0,0,10.939,89.061,2.523,2.119,2.0981,2.3635,2.5254,2.5227
9d9c,56.623,0.426,0,0,0,0.04,0.386,0,0,0,9.321,90.679,2.5056,2.1068,2.0778,2.348,2.5077,2.5054
9s9h,56.599,0.426,0,0,0,0.025,0.401,0,0,0,5.983,94.017,2.4934,2.0724,2.0679,2.3345,2.4956,2.4933
9c9h,56.526,0.426,0,0,0,0.019,0.407,0,0,0,4.382,95.618,2.4764,2.0598,2.0435,2.3197,2.4785,2.4763
9d9h,56.479,0.426,0,0,0,0.016,0.41,0,0,0,3.829,96.171,2.4764,2.0456,2.0381,2.3197,2.4785,2.4763
9c6c,56.39,0.458,0.16,0,0.006,0.071,0.222,34.899,0.003,1.275,15.45,48.371,2.9072,2.9068,2.907,2.9064,2.9089,2.9069
9d6d,56.291,0.458,0.165,0,0.006,0.069,0.218,35.954,0.002,1.362,15.041,47.641,2.8835,2.8833,2.8835,2.8828,2.885,2.8831
8c6c,56.276,0.502,0.138,0,0.009,0.14,0.216,27.434,0,1.801,27.808,42.957,2.9736,2.9729,2.9733,2.9722,2.9761,2.9724
8d6d,56.06,0.502,0.129,0,0.007,0.113,0.253,25.613,0.002,1.492,22.518,50.375,2.9433,2.9431,2.9432,2.9426,2.9455,2.9425
7c6c,56.01,0.43,0.092,0,0.01,0.109,0.219,21.488,0.002,2.231,25.359,50.921,2.9478,2.947,2.9478,2.9465,2.95,2.9472
7d6d,55.825,0.43,0.072,0,0.008,0.105,0.245,16.731,0,1.831,24.377,57.061,2.9234,2.9231,2.9228,2.9224,2.9256,2.9225
Jh6h,55.66,0.544,0.284,0,0.002,0.05,0.209,52.121,0,0.337,9.143,38.4,2.6292,2.6292,2.6291,2.6289,2.6304,2.6288
Th6h,55.318,0.564,0.223,0,0.009,0.048,0.285,39.473,0.003,1.594,8.485,50.445,2.575,2.5745,2.575,2.5742,2.5767,2.575
8s8c,54.932,0.438,0,0,0,0.064,0.374,0,0,0,14.532,85.468,2.5363,2.1443,2.1871,2.3893,2.5386,2.5359
8s8h,54.763,0.438,0,0,0,0.038,0.4,0,0,0,8.615,91.385,2.4908,2.0802,2.1221,2.3512,2.4919,2.4907
8s8d,54.755,0.438,0,0,0,0.053,0.385,0,0,0,12.065,87.935,2.5408,2.1361,2.1738,2.3814,2.543,2.5405
8c8h,54.685,0.438,0,0,0,0.038,0.4,0,0,0,8.708,91.292,2.4709,2.0667,2.112,2.3362,2.472,2.4708
8d8c,54.677,0.438,0,0,0,0.064,0.374,0,0,0,14.722,85.278,2.5182,2.1222,2.1666,2.3638,2.5199,2.5179
8d8h,54.508,0.438,0,0,0,0.028,0.41,0,0,0,6.389,93.611,2.4733,2.0605,2.1001,2.3273,2.4743,2.4733
6c4c,54.399,0.352,0.343,0,0.006,0.003,0,97.439,0,1.732,0.829,0,3.0149,3.0149,3.0149,3.0144,3.0153,3.0137
6c5c,54.344,0.42,0.413,0,0.001,0.005,0.001,98.249,0,0.347,1.18,0.225,2.971,2.971,2.9703,2.9708,2.9715,2.9709
6d4d,54.251,0.352,0.319,0,0.008,0.014,0.012,90.623,0,2.273,3.836,3.269,2.9758,2.9757,2.9739,2.9751,2.9768,2.9759
6d5d,54.06,0.42,0.412,0,0,0.003,0.004,98.208,0,0.048,0.76,0.984,2.9272,2.9272,2.9243,2.9271,2.9279,2.9271
9h6h,53.954,0.458,0.158,0,0.005,0.023,0.272,34.509,0,1.037,5.13,59.324,2.5139,2.5133,2.5136,2.5136,2.5152,2.5142
8h6h,53.821,0.502,0.107,0,0.005,0.078,0.312,21.256,0,1.088,15.504,62.153,2.582,2.5809,2.5784,2.5813,2.5836,2.582
7s6c,53.777,0.102,0.087,0,0,0,0.015,85.001,0,0,0.034,14.965,2.6691,2.669,2.6563,2.6372,2.6697,2.6697
7s6h,53.734,0.102,0.075,0,0.001,0.005,0.021,73.14,0,1.106,4.799,20.954,2.6352,2.6353,2.6296,2.6348,2.6362,2.6348
7c6h,53.714,0.102,0.092,0,0,0,0.01,90.159,0,0.129,0,9.712,2.6186,2.6187,2.6143,2.6185,2.6024,2.6179
7s6d,53.69,0.102,0.057,0,0,0.002,0.044,55.513,0,0,1.67,42.818,2.6301,2.6293,2.6165,2.6066,2.6314,2.6311
7c6d,53.669,0.102,0.086,0,0,0,0.016,84.399,0,0,0,15.601,2.6172,2.6172,2.6035,2.5873,2.5977,2.617
7d6c,53.627,0.102,0.096,0,0,0,0.006,94.586,0,0,0,5.414,2.6497,2.6497,2.6238,2.5982,2.6328,2.6503
7h6c,53.612,0.102,0.066,0,0,0.014,0.022,64.301,0,0,13.679,22.02,2.6164,2.6161,2.6005,2.5748,2.619,2.6156
7d6h,53.584,0.102,0.069,0,0,0,0.033,67.989,0,0,0,32.011,2.6122,2.6125,2.6015,2.5993,2.6056,2.6116
7h6h,53.575,0.43,0.083,0,0.004,0.084,0.26,19.286,0,0.878,19.459,60.377,2.5669,2.5667,2.5605,2.5665,2.5688,2.5663
7h6d,53.525,0.102,0.045,0,0,0.012,0.045,44.246,0,0,11.862,43.892,2.5791,2.5791,2.5646,2.5468,2.5813,2.5785
7s7c,52.521,0.436,0,0,0,0.091,0.345,0,0,0,20.878,79.122,2.3983,2.1876,2.1591,2.2657,2.4003,2.3978
7c7h,52.438,0.436,0,0,0,0.047,0.389,0,0,0,10.812,89.188,2.3479,2.1238,2.1044,2.2216,2.349,2.3477
7d7c,52.438,0.436,0,0,0,0.081,0.355,0,0,0,18.619,81.381,2.3982,2.1862,2.1569,2.2562,2.4003,2.3978
7s7h,52.384,0.436,0,0,0,0.045,0.391,0,0,0,10.386,89.614,2.3526,2.1215,2.0926,2.2314,2.3538,2.3524
7s7d,52.384,0.436,0,0,0,0.074,0.362,0,0,0,17.087,82.913,2.4026,2.1856,2.1437,2.2657,2.4049,2.4022
7d7h,52.301,0.436,0,0,0,0.038,0.398,0,0,0,8.791,91.209,2.3526,2.1238,2.0916,2.2216,2.3538,2.3524
KcJc,51.959,0.45,0.153,0,0.048,0.219,0.03,33.972,0.001,10.695,48.612,6.72,3.2285,3.2277,3.2284,3.2241,3.2302,3.2272
6h4h,51.921,0.352,0.287,0,0.008,0.043,0.014,81.532,0.001,2.27,12.236,3.961,2.6048,2.6046,2.6048,2.6041,2.6061,2.605
KdJd,51.853,0.45,0,0,0.044,0.256,0.15,0,0,9.681,56.914,33.405,3.0847,3.0828,3.0843,3.0806,3.0862,3.0832
6h5h,51.703,0.42,0.364,0,0.002,0.025,0.029,86.572,0,0.519,6.06,6.848,2.5562,2.5562,2.556,2.5559,2.5567,2.5563
KsJs,51.646,0.45,0.248,0,0.033,0.167,0.001,55.16,0,7.44,37.14,0.259,3.1066,3.1061,3.1058,3.1038,3.1081,3.1065
KcTc,50.785,0.428,0.089,0,0.045,0.209,0.085,20.705,0.003,10.546,48.909,19.838,3.2168,3.2164,3.2166,3.2124,3.2184,3.2156
KdTd,50.739,0.428,0.007,0,0.034,0.185,0.202,1.537,0.008,8.049,43.2,47.206,3.0919,3.0916,3.0918,3.0891,3.0933,3.0912
KsTs,50.588,0.428,0.214,0,0.035,0.147,0.032,49.917,0,8.155,34.446,7.482,3.1003,3.0996,3.0998,3.0969,3.1022,3.0994
KdJc,49.657,0.444,0.246,0,0.007,0.012,0.18,55.332,0,1.554,2.609,40.505,2.7141,2.7139,2.7141,2.7136,2.7148,2.7145
KsJc,49.561,0.444,0.206,0,0.009,0.017,0.212,46.35,0.003,1.941,3.902,47.804,2.7103,2.7095,2.7101,2.7098,2.7108,2.711
KcJd,49.536,0.444,0.247,0,0.006,0.007,0.184,55.585,0.004,1.315,1.683,41.414,2.6979,2.6978,2.6979,2.6976,2.6983,2.698
KdJs,49.524,0.444,0.211,0,0.012,0.02,0.201,47.558,0,2.709,4.448,45.285,2.7042,2.704,2.7039,2.7031,2.7058,2.7044
KsJd,49.49,0.444,0.206,0,0.008,0.017,0.213,46.492,0,1.696,3.758,48.054,2.6921,2.6918,2.6916,2.6918,2.6925,2.6923
KcJs,49.475,0.444,0.163,0,0.008,0.027,0.246,36.713,0.011,1.734,6.026,55.517,2.7053,2.704,2.7051,2.7047,2.7058,2.7061
KdJh,49.43,0.444,0.259,0,0.006,0.037,0.141,58.362,0,1.419,8.358,31.861,2.681,2.6816,2.6799,2.6807,2.6822,2.6796
KhJc,49.42,0.444,0.234,0,0.007,0.046,0.158,52.595,0,1.618,10.258,35.529,2.6898,2.6898,2.6894,2.6891,2.6903,2.6896
KcJh,49.381,0.444,0.199,0,0.007,0.055,0.183,44.856,0.002,1.591,12.303,41.248,2.6815,2.6816,2.6814,2.6807,2.6822,2.6813
KhJd,49.349,0.444,0.228,0,0.01,0.046,0.16,51.383,0,2.302,10.37,35.945,2.6708,2.671,2.67,2.6696,2.6711,2.6705
KsJh,49.336,0.444,0.153,0,0.011,0.081,0.199,34.53,0.006,2.401,18.248,44.814,2.6757,2.675,2.6757,2.6745,2.6771,2.6757
KhJs,49.288,0.444,0.228,0,0.004,0.062,0.15,51.26,0.001,0.958,13.889,33.892,2.6811,2.6814,2.6809,2.6806,2.682,2.6802
KhJh,49.193,0.45,0.148,0,0.047,0.121,0.133,32.97,0.011,10.555,26.836,29.629,2.6535,2.6524,2.6535,2.6497,2.6558,2.6541
KdTc,48.397,0.418,0.293,0,0.003,0.016,0.106,70.073,0,0.715,3.906,25.306,2.6916,2.6917,2.6904,2.6913,2.6924,2.6911
KdTs,48.36,0.418,0.252,0,0.006,0.026,0.134,60.312,0,1.522,6.205,31.961,2.6914,2.6909,2.6908,2.6912,2.6927,2.6919
KcTd,48.338,0.418,0.296,0,0.003,0.014,0.105,70.877,0,0.736,3.245,25.142,2.6898,2.6897,2.6894,2.6895,2.69,2.6898
KcTs,48.314,0.418,0.215,0,0.002,0.022,0.179,51.358,0,0.566,5.354,42.722,2.6915,2.6909,2.6908,2.6912,2.6927,2.6919
KsTc,48.306,0.418,0.203,0,0.003,0.025,0.187,48.617,0,0.814,5.886,44.683,2.6825,2.6817,2.681,2.6823,2.6834,2.6832
KsTd,48.294,0.418,0.256,0,0.004,0.019,0.139,61.314,0,1.01,4.542,33.134,2.6817,2.6816,2.6799,2.6813,2.6821,2.6818
KdTh,48.244,0.418,0.283,0,0.004,0.042,0.088,67.727,0,1.02,10.118,21.135,2.6743,2.6742,2.673,2.674,2.6755,2.674
KcTh,48.198,0.418,0.23,0,0.003,0.049,0.136,55.125,0,0.784,11.656,32.435,2.6743,2.6742,2.673,2.674,2.6755,2.674
KhTc,48.169,0.418,0.249,0,0.002,0.022,0.144,59.676,0,0.431,5.382,34.51,2.6602,2.6604,2.659,2.6599,2.6604,2.6597
KhTd,48.157,0.418,0.3,0,0.005,0.023,0.09,71.878,0,1.086,5.573,21.463,2.6585,2.6585,2.6573,2.6582,2.6587,2.6582
KsTh,48.154,0.418,0.193,0,0.005,0.054,0.166,46.177,0,1.133,12.86,39.831,2.6663,2.6659,2.6623,2.6657,2.6678,2.6663
KhTs,48.132,0.418,0.222,0,0.003,0.034,0.158,53.207,0,0.783,8.144,37.867,2.6611,2.6609,2.6605,2.6606,2.6623,2.6611
KhTh,48.016,0.428,0.206,0,0.035,0.066,0.121,48.211,0.018,8.161,15.367,28.243,2.6415,2.6408,2.6412,2.6389,2.6435,2.6423
JcTc,44.52,0.466,0.216,0,0.041,0.159,0.049,46.456,0.005,8.889,34.12,10.531,3.1495,3.1492,3.1497,3.1462,3.1507,3.1493
JdTd,44.477,0.466,0.162,0,0.05,0.219,0.035,34.693,0.01,10.795,47.072,7.43,3.1314,3.1311,3.1314,3.1275,3.1326,3.1308
JsTs,44.31,0.466,0.223,0,0.032,0.158,0.053,47.912,0.007,6.767,33.998,11.316,3.0858,3.0852,3.0858,3.0833,3.0874,3.0853
5s5c,43.076,0.4,0,0,0,0.086,0.314,0,0,0,21.436,78.564,1.9082,1.7181,1.8167,1.8244,1.9092,1.9079
5d5c,42.94,0.4,0,0,0,0.053,0.347,0,0,0,13.195,86.805,1.9057,1.6925,1.8027,1.8056,1.9067,1.9056
5s5d,42.877,0.4,0,0,0,0.057,0.343,0,0,0,14.187,85.813,1.9118,1.6995,1.7906,1.8109,1.9128,1.9117
5c5h,42.875,0.4,0,0,0,0.034,0.366,0,0,0,8.506,91.494,1.8429,1.6273,1.7394,1.7469,1.8438,1.8428
5s5h,42.813,0.4,0,0,0,0.043,0.357,0,0,0,10.744,89.256,1.8475,1.638,1.7283,1.7526,1.8482,1.8474
5d5h,42.677,0.4,0,0,0,0.027,0.373,0,0,0,6.854,93.146,1.8454,1.6111,1.7114,1.7297,1.8462,1.8453
JcTd,41.991,0.446,0.359,0,0.003,0.01,0.074,80.389,0,0.78,2.257,16.575,2.7771,2.777,2.777,2.7769,2.7772,2.7774
JcTs,41.967,0.446,0.36,0,0.008,0.018,0.061,80.688,0,1.752,3.948,13.612,2.7827,2.7826,2.7824,2.7822,2.7833,2.7831
JdTc,41.943,0.446,0.334,0,0.005,0.017,0.09,74.834,0.001,1.019,3.874,20.273,2.7606,2.7605,2.7606,2.7603,2.7611,2.7609
JdTs,41.913,0.446,0.361,0,0.003,0.011,0.071,80.945,0,0.785,2.404,15.866,2.7635,2.7635,2.7635,2.7634,2.7642,2.7635
JsTc,41.91,0.446,0.351,0,0.007,0.024,0.064,78.766,0.002,1.575,5.276,14.38,2.7714,2.7713,2.7715,2.771,2.7717,2.7719
JsTd,41.904,0.446,0.361,0,0.003,0.008,0.074,80.889,0,0.614,1.898,16.599,2.7679,2.7679,2.7675,2.7679,2.7681,2.768
JcTh,41.855,0.446,0.331,0,0.01,0.039,0.066,74.281,0.001,2.249,8.67,14.8,2.7535,2.7533,2.7533,2.7527,2.7547,2.7534
JhTc,41.801,0.446,0.324,0,0.007,0.049,0.065,72.667,0.002,1.562,11.095,14.674,2.734,2.7339,2.7341,2.7337,2.7349,2.7341
JdTh,41.801,0.446,0.311,0,0.007,0.034,0.093,69.83,0,1.657,7.637,20.876,2.7331,2.7329,2.7329,2.7326,2.7342,2.7333
JhTd,41.796,0.446,0.312,0,0.008,0.034,0.091,70.054,0.004,1.766,7.707,20.469,2.7294,2.7293,2.7295,2.729,2.7298,2.7298
JhTs,41.772,0.446,0.319,0,0.013,0.051,0.064,71.467,0.003,2.806,11.364,14.359,2.7353,2.7351,2.7354,2.7348,2.7362,2.7356
JsTh,41.768,0.446,0.344,0,0.011,0.037,0.054,77.085,0.001,2.391,8.31,12.214,2.744,2.7438,2.7439,2.7435,2.7455,2.7443
JhTh,41.666,0.466,0.225,0,0.034,0.126,0.082,48.188,0,7.272,26.944,17.595,2.7072,2.7071,2.7069,2.7042,2.7086,2.7065
4s4c,40.525,0.4,0.004,0,0.005,0.124,0.268,0.896,0,1.152,31.054,66.898,1.8224,1.8218,1.8081,1.822,1.8234,1.8219
4d4c,40.521,0.4,0,0,0,0.096,0.304,0,0,0,24.023,75.977,1.8223,1.7983,1.8053,1.821,1.8234,1.8219
4c4h,40.478,0.4,0,0,0,0.056,0.344,0,0,0,14.112,85.888,1.76,1.711,1.7435,1.758,1.7608,1.7599
4s4d,40.452,0.4,0,0,0,0.095,0.305,0,0,0.014,23.831,76.155,1.8283,1.8032,1.8108,1.8282,1.8299,1.8278
4s4h,40.409,0.4,0,0,0,0.068,0.332,0,0,0.104,16.988,82.909,1.7652,1.7223,1.7483,1.7649,1.7672,1.7649
4d4h,40.405,0.4,0,0,0,0.041,0.359,0,0,0,10.225,89.775,1.766,1.6938,1.7447,1.7593,1.7672,1.7659
Kc9c,40.397,0.44,0,0,0,0,0.44,0,0,0,0,100,1.626,1.5511,1.5736,1.6018,1.5985,1.626
Kd9d,40.363,0.44,0,0,0,0,0.44,0,0,0,0,100,1.521,1.4362,1.4623,1.4961,1.4977,1.521
Ks9s,40.186,0.44,0,0,0,0,0.44,0,0,0,0,100,1.5304,1.4716,1.4941,1.5166,1.5125,1.5304
Kc8c,39.471,0.308,0,0,0,0.001,0.307,0,0,0,0.319,99.681,1.6095,1.5506,1.5783,1.6067,1.61,1.6095
Kd8d,39.371,0.308,0,0,0,0,0.308,0,0,0,0,100,1.5016,1.4337,1.4555,1.491,1.4971,1.5016
Ks8s,39.251,0.308,0,0,0.002,0,0.306,0,0,0.551,0,99.449,1.5165,1.47,1.4875,1.5165,1.5153,1.5165
Kc7c,38.715,0.368,0,0,0.003,0.153,0.212,0,0,0.937,41.514,57.549,1.6173,1.583,1.5961,1.6169,1.6192,1.6159
3s3c,38.708,0.404,0.164,0,0.005,0.067,0.168,40.559,0,1.218,16.689,41.534,1.8234,1.823,1.821,1.823,1.8247,1.8234
3d3c,38.704,0.404,0.128,0,0.005,0.056,0.216,31.665,0,1.199,13.786,53.35,1.8197,1.8193,1.8126,1.8192,1.8209,1.8196
3s3d,38.683,0.404,0.125,0,0.006,0.065,0.209,30.851,0,1.478,15.994,51.676,1.8254,1.8248,1.8224,1.8251,1.8267,1.8253
3c3h,38.677,0.404,0,0,0.009,0.066,0.329,0,0,2.186,16.268,81.546,1.7509,1.7413,1.747,1.7502,1.7517,1.7507
3s3h,38.656,0.404,0,0,0.007,0.082,0.314,0,0,1.788,20.41,77.802,1.756,1.7525,1.7535,1.7555,1.757,1.7557
3d3h,38.652,0.404,0,0,0.007,0.047,0.35,0,0,1.738,11.726,86.536,1.7547,1.7482,1.7504,1.7542,1.7558,1.7546
Kd7d,38.638,0.368,0,0,0.003,0.118,0.247,0,0,0.931,32,67.07,1.5071,1.4677,1.4761,1.5067,1.5082,1.5066
Ks7s,38.616,0.368,0,0,0.009,0.138,0.221,0,0,2.419,37.391,60.19,1.5268,1.4937,1.5078,1.5259,1.5286,1.5258
Kd9c,37.446,0.46,0,0,0,0.105,0.355,0,0,0,22.771,77.229,1.1794,1.0657,1.1027,1.1757,1.1804,1.179
Kd9s,37.377,0.46,0,0,0,0.083,0.377,0,0,0,18.048,81.952,1.1789,1.0711,1.1003,1.1751,1.18,1.1786
Kc9d,37.37,0.46,0,0,0,0.14,0.32,0,0,0,30.518,69.482,1.1789,1.0538,1.0872,1.1657,1.18,1.1784
Ks9c,37.338,0.46,0,0,0,0.107,0.353,0,0,0,23.26,76.74,1.1736,1.0476,1.0861,1.1626,1.1748,1.1732
Kc9s,37.321,0.46,0,0,0,0.15,0.31,0,0,0,32.611,67.389,1.1818,1.0644,1.0938,1.1717,1.1832,1.181
Ks9d,37.317,0.46,0,0,0,0.051,0.409,0,0,0,11.111,88.889,1.1703,1.0425,1.0761,1.1561,1.1711,1.1702
Kd9h,37.316,0.46,0,0,0,0.013,0.447,0,0,0,2.808,97.192,1.1582,1.0371,1.0742,1.1516,1.1586,1.1582
Kc9h,37.261,0.46,0,0,0,0.062,0.398,0,0,0,13.58,86.42,1.1605,1.0313,1.0676,1.1479,1.1615,1.1603
Kh9c,37.218,0.46,0,0,0,0.002,0.458,0,0,0,0.434,99.566,1.1459,1.0407,1.0814,1.1248,1.1465,1.1459
Ks9h,37.208,0.46,0,0,0,0.021,0.439,0,0,0,4.52,95.48,1.1525,1.0199,1.0564,1.1377,1.153,1.1525
Kh9d,37.197,0.46,0,0,0,0,0.46,0,0,0,0,100,1.1431,1.0338,1.071,1.1183,1.141,1.1431
Kh9s,37.149,0.46,0,0,0,0,0.46,0,0,0,0.003,99.997,1.1453,1.0464,1.0767,1.1231,1.1456,1.1453
Kh9h,37.1,0.44,0,0,0,0,0.44,0,0,0,0,100,1.1272,1.0157,1.0545,1.1081,1.1239,1.1272
Kc5c,36.94,0.466,0,0,0.007,0.16,0.299,0,0,1.572,34.255,64.174,1.5238,1.493,1.5197,1.5232,1.5249,1.5232
Kd5d,36.782,0.466,0,0,0,0.162,0.303,0,0,0.106,34.837,65.057,1.3988,1.3661,1.3836,1.3988,1.3999,1.3982
Ks5s,36.735,0.466,0,0,0.011,0.197,0.259,0,0,2.277,42.177,55.546,1.418,1.3883,1.4124,1.4171,1.419,1.4173
2s2c,36.645,0.43,0.123,0,0.005,0.022,0.28,28.628,0,1.247,5.003,65.122,1.8221,1.8217,1.8209,1.8213,1.8225,1.8222
2s2d,36.605,0.43,0.119,0,0.009,0.03,0.271,27.777,0,2.176,7.018,63.029,1.8165,1.8158,1.8136,1.8156,1.8173,1.8167
2s2h,36.57,0.43,0.066,0,0.014,0.062,0.288,15.271,0,3.342,14.326,67.061,1.7588,1.7578,1.7576,1.7574,1.7596,1.759
2d2c,36.549,0.43,0.047,0,0.007,0.036,0.34,10.995,0,1.686,8.316,79.002,1.8078,1.8078,1.8054,1.8076,1.8084,1.8077
2c2h,36.513,0.43,0.019,0,0.012,0.066,0.332,4.435,0.002,2.893,15.463,77.208,1.7497,1.7496,1.7488,1.7488,1.7508,1.7496
Kc4c,36.503,0.532,0.046,0,0.034,0.186,0.265,8.737,0,6.432,34.96,49.871,1.5382,1.5376,1.5374,1.5362,1.5399,1.5375
2d2h,36.473,0.43,0.063,0,0.013,0.053,0.301,14.731,0,3.117,12.213,69.94,1.7477,1.7473,1.7464,1.7468,1.7481,1.7477
Kd8c,36.456,0.24,0,0,0,0.15,0.09,0,0,0,62.591,37.409,1.1788,1.0616,1.1076,1.1726,1.18,1.1768
Kd4d,36.446,0.532,0,0,0.032,0.225,0.275,0,0,6.061,42.274,51.665,1.4222,1.4198,1.4218,1.4201,1.4236,1.4214
Kd8s,36.366,0.24,0,0,0,0.129,0.111,0,0,0,53.903,46.097,1.1757,1.0668,1.0946,1.1711,1.1771,1.1741
Ks8c,36.349,0.24,0,0,0,0.133,0.107,0,0,0,55.407,44.593,1.1725,1.0453,1.0878,1.1591,1.1739,1.1708
Ks4s,36.336,0.532,0.008,0,0.045,0.244,0.235,1.46,0.005,8.537,45.855,44.143,1.4444,1.4441,1.4444,1.4416,1.4461,1.4432
Kc8d,36.319,0.24,0,0,0,0.211,0.029,0,0,0,88.114,11.886,1.179,1.0557,1.083,1.1591,1.1793,1.1767
Kc8s,36.313,0.24,0,0,0,0.196,0.044,0,0,0,81.66,18.34,1.1819,1.0627,1.0885,1.1674,1.1825,1.179
Kd8h,36.307,0.24,0,0,0,0.04,0.2,0,0,0,16.511,83.489,1.1436,1.0304,1.0629,1.1368,1.1443,1.1435
Kc3c,36.27,0.458,0.203,0,0.022,0.085,0.148,44.246,0,4.803,18.576,32.375,1.5677,1.5671,1.5653,1.5665,1.5696,1.5676
Ks8d,36.266,0.24,0,0,0,0.117,0.123,0,0,0,48.768,51.232,1.1667,1.0432,1.0723,1.1501,1.1679,1.1656
Kd3d,36.257,0.458,0.101,0,0.031,0.11,0.216,22.001,0,6.785,24.076,47.137,1.4554,1.4549,1.4538,1.4535,1.4574,1.4548
Kc8h,36.254,0.24,0,0,0,0.097,0.143,0,0,0,40.396,59.604,1.148,1.0271,1.0554,1.1323,1.1487,1.1476
Kh8c,36.239,0.24,0,0,0,0.044,0.196,0,0,0,18.264,81.736,1.1351,1.0367,1.0828,1.125,1.1358,1.1349
Ks8h,36.201,0.24,0,0,0,0.034,0.206,0,0,0,14.364,85.636,1.1378,1.013,1.0437,1.1212,1.1385,1.1377
Kh8d,36.157,0.24,0,0,0,0.009,0.231,0,0,0,3.958,96.042,1.1295,1.0333,1.0663,1.1173,1.13,1.1295
Kh8s,36.15,0.24,0,0,0,0.025,0.215,0,0,0,10.589,89.411,1.1318,1.0425,1.0689,1.1235,1.1322,1.1317
Ks3s,36.146,0.458,0.124,0,0.023,0.153,0.157,27.175,0,5.084,33.429,34.312,1.4775,1.4765,1.4774,1.4759,1.4797,1.4765
Kh8h,36.134,0.308,0,0,0,0.005,0.303,0,0,0,1.571,98.429,1.1085,1.0168,1.0498,1.1021,1.1087,1.1085
Kc2c,35.953,0.576,0.16,0,0.038,0.094,0.284,27.851,0.002,6.542,16.268,49.337,1.55,1.5495,1.5501,1.5484,1.552,1.5499
Kd2d,35.922,0.576,0.1,0,0.044,0.125,0.307,17.295,0.006,7.704,21.763,53.231,1.4378,1.4372,1.4378,1.4356,1.4397,1.4374
Ks2s,35.867,0.576,0.222,0,0.038,0.103,0.213,38.58,0.003,6.573,17.919,36.925,1.4657,1.4653,1.4657,1.4641,1.4674,1.4656
Kh7h,35.376,0.368,0,0,0.006,0.067,0.295,0,0,1.711,18.124,80.164,1.1156,1.0666,1.0758,1.1151,1.1168,1.1153
Jc9c,33.684,0.408,0.363,0,0.007,0,0.038,88.96,0.003,1.837,0,9.2,1.4428,1.4428,1.4428,1.4426,1.4171,1.4426
Jd9d,33.623,0.408,0.315,0,0.018,0,0.075,77.274,0,4.449,0,18.277,1.4224,1.4226,1.4217,1.4218,1.4058,1.4217
Kh5h,33.504,0.466,0,0,0.002,0.022,0.442,0,0,0.434,4.751,94.816,1.0166,0.9536,0.9941,1.0163,1.0173,1.0166
Js9s,33.451,0.408,0.294,0,0.015,0,0.099,72.014,0.005,3.644,0,24.337,1.3884,1.3885,1.3884,1.3877,1.371,1.3879
Kh4h,33.162,0.532,0,0,0.02,0.129,0.383,0,0,3.77,24.212,72.018,1.0239,0.9819,1.0204,1.0227,1.0247,1.0237
Kh3h,32.971,0.458,0,0,0.037,0.184,0.237,0,0,7.972,40.262,51.766,1.0522,1.0125,1.052,1.0496,1.0537,1.0514
Jc8c,32.933,0.492,0.214,0,0.051,0.049,0.179,43.421,0.012,10.301,9.897,36.369,1.4569,1.4573,1.4568,1.4541,1.4584,1.457
Jd8d,32.803,0.492,0.15,0,0.054,0.102,0.186,30.433,0.011,10.911,20.743,37.902,1.4339,1.4341,1.4338,1.4304,1.4356,1.4339
Js8s,32.699,0.492,0.165,0,0.037,0.077,0.213,33.549,0.002,7.514,15.607,43.327,1.406,1.4058,1.4059,1.4037,1.4077,1.4059
Kh2h,32.636,0.576,0,0,0.045,0.285,0.246,0,0,7.744,49.499,42.757,1.0525,1.0437,1.0519,1.0502,1.0535,1.0517
Jc7c,31.235,0.354,0.071,0,0.021,0.108,0.153,20.172,0,5.954,30.591,43.283,1.3669,1.3665,1.3664,1.3649,1.3686,1.3662
Jd7d,31.123,0.354,0.032,0,0.017,0.156,0.149,9.087,0,4.746,44.201,41.966,1.3422,1.3418,1.3415,1.3401,1.3438,1.3409
Js7s,31.082,0.354,0.026,0,0.015,0.131,0.182,7.43,0.001,4.226,36.988,51.355,1.3121,1.3118,1.3118,1.3109,1.3135,1.3112
Td9d,30.747,0.396,0.367,0,0.01,0,0.019,92.579,0.003,2.531,0,4.887,1.5877,1.5877,1.5877,1.5873,1.5785,1.5875
Tc9c,30.74,0.396,0.365,0,0.007,0,0.024,92.197,0,1.741,0,6.062,1.5873,1.5873,1.5872,1.587,1.5739,1.5872
Ts9s,30.616,0.396,0.32,0,0.009,0,0.067,80.843,0,2.178,0,16.979,1.5614,1.5614,1.56,1.561,1.5529,1.5612
Jc9d,30.544,0.466,0.089,0,0.012,0.122,0.242,19.205,0,2.628,26.196,51.972,1.1082,1.1081,1.1078,1.1075,1.1094,1.1077
Jc9s,30.516,0.466,0.147,0,0.016,0.101,0.202,31.529,0,3.443,21.754,43.273,1.1164,1.1163,1.1162,1.1156,1.1183,1.1157
Jd9c,30.504,0.466,0.028,0,0.012,0.152,0.274,5.961,0,2.566,32.638,58.836,1.0948,1.0948,1.0944,1.094,1.0959,1.0942
Js9c,30.459,0.466,0.089,0,0.014,0.108,0.255,18.997,0,3.012,23.25,54.74,1.097,1.0972,1.0968,1.0963,1.0982,1.0964
Jd9s,30.456,0.466,0.059,0,0.012,0.14,0.255,12.62,0,2.589,29.99,54.8,1.098,1.0981,1.0974,1.0973,1.0992,1.0974
Jc9h,30.444,0.466,0.137,0,0.031,0.083,0.215,29.367,0.011,6.624,17.915,46.083,1.0848,1.0848,1.0846,1.0818,1.0868,1.0844
Js9d,30.438,0.466,0.07,0,0.008,0.12,0.268,14.915,0,1.786,25.828,57.47,1.0924,1.0925,1.0923,1.0922,1.0933,1.092
Jd9h,30.384,0.466,0.007,0,0.046,0.124,0.289,1.609,0.01,9.788,26.566,62.028,1.0662,1.066,1.0661,1.0627,1.0676,1.0662
Jh9c,30.376,0.466,0.093,0,0.033,0.143,0.198,19.898,0.001,7.07,30.638,42.393,1.0672,1.0669,1.067,1.0634,1.0689,1.0667
Jh9d,30.354,0.466,0.034,0,0.021,0.181,0.23,7.369,0,4.594,38.787,49.251,1.0626,1.0621,1.0624,1.0598,1.0637,1.062
Js9h,30.339,0.466,0.109,0,0.021,0.094,0.242,23.361,0.007,4.508,20.101,52.024,1.069,1.0687,1.069,1.0667,1.0706,1.0688
Jh9s,30.328,0.466,0.118,0,0.014,0.136,0.197,25.411,0,3.103,29.121,42.365,1.0704,1.0703,1.07,1.0686,1.0719,1.0696
Jh9h,30.265,0.408,0.077,0,0.2,0.02,0.111,18.877,0.021,48.969,4.858,27.276,1.0404,1.0414,1.0408,1.0391,1.0426,1.0417
Tc8c,29.808,0.386,0.386,0,0,0,0,99.958,0,0.042,0,0,1.5925,1.5925,1.5923,1.5926,1.5708,1.5861
Td8d,29.756,0.386,0.384,0,0.002,0,0,99.503,0,0.497,0,0,1.5877,1.5877,1.5868,1.5876,1.5706,1.5814
Ts8s,29.686,0.386,0.384,0,0.002,0,0,99.59,0,0.41,0,0,1.5631,1.5631,1.558,1.5632,1.5503,1.5631
Jc5c,29.581,0.38,0.075,0,0.014,0.084,0.207,19.777,0.003,3.689,22.019,54.512,1.2834,1.2835,1.2833,1.2825,1.2849,1.2829
Jh8h,29.48,0.492,0.012,0,0.101,0.178,0.201,2.538,0,20.467,36.206,40.789,1.0699,1.0697,1.0697,1.0644,1.0723,1.0705
Jd5d,29.41,0.38,0.032,0,0.014,0.107,0.227,8.445,0.006,3.763,28.159,59.627,1.2467,1.2467,1.2466,1.2458,1.2479,1.2461
Js5s,29.336,0.38,0.041,0,0.014,0.091,0.234,10.727,0,3.648,23.951,61.674,1.2173,1.217,1.2171,1.2164,1.2184,1.2169
Jc4c,29.255,0.466,0.315,0,0.015,0.063,0.073,67.555,0,3.133,13.547,15.766,1.3302,1.3301,1.3289,1.3293,1.3312,1.33
Jd4d,29.164,0.466,0.238,0,0.018,0.09,0.12,50.989,0.003,3.938,19.36,25.71,1.2914,1.2911,1.2919,1.2902,1.2926,1.2911
Js4s,29.051,0.466,0.233,0,0.013,0.101,0.119,49.894,0,2.745,21.746,25.615,1.2642,1.2639,1.2635,1.2634,1.2659,1.2636
Tc7c,27.931,0.406,0.177,0,0.032,0.132,0.065,43.508,0,7.974,32.472,16.046,1.4574,1.4573,1.4565,1.4547,1.4588,1.4565
Td7d,27.894,0.406,0.14,0,0.041,0.158,0.067,34.374,0,10.018,39.004,16.604,1.4515,1.4509,1.4513,1.448,1.4531,1.451
Ts7s,27.868,0.406,0.142,0,0.03,0.144,0.091,34.86,0.002,7.37,35.453,22.315,1.4294,1.4288,1.4292,1.4265,1.431,1.4287
9c8c,27.737,0.39,0.321,0,0.032,0.023,0.014,82.229,0.008,8.293,5.881,3.588,1.5212,1.5214,1.521,1.5197,1.5216,1.5212
Jh7h,27.719,0.354,0.011,0,0.018,0.076,0.25,3.032,0,4.999,21.458,70.511,0.9872,0.9873,0.9838,0.9862,0.9885,0.9868
9d8d,27.683,0.39,0.355,0,0.02,0.008,0.007,90.902,0.002,5.227,2.014,1.855,1.5251,1.5252,1.5249,1.5241,1.5253,1.5251
9s8s,27.638,0.39,0.353,0,0.007,0.005,0.026,90.426,0,1.705,1.271,6.598,1.5199,1.5199,1.5179,1.5195,1.52,1.5196
Td9c,27.6,0.432,0.057,0,0.015,0.127,0.233,13.222,0,3.565,29.304,53.909,1.2564,1.2563,1.2561,1.2551,1.258,1.2556
Tc9d,27.587,0.432,0.055,0,0.016,0.131,0.23,12.715,0,3.741,30.219,53.325,1.2578,1.2573,1.2576,1.2566,1.2595,1.2571
Ts9c,27.575,0.432,0.126,0,0.016,0.102,0.188,29.153,0,3.808,23.531,43.507,1.2579,1.2575,1.2577,1.2567,1.2597,1.2574
Tc9s,27.568,0.432,0.139,0,0.02,0.101,0.171,32.253,0.001,4.592,23.458,39.695,1.267,1.267,1.2669,1.2659,1.2685,1.2663
Td9s,27.563,0.432,0.092,0,0.018,0.111,0.211,21.409,0.001,4.183,25.641,48.766,1.2605,1.2604,1.2604,1.2594,1.262,1.2599
Ts9d,27.557,0.432,0.091,0,0.015,0.11,0.215,21.104,0,3.481,25.558,49.857,1.2533,1.253,1.2532,1.2523,1.255,1.2526
Tc9h,27.487,0.432,0.138,0,0.041,0.082,0.171,31.872,0.009,9.435,19.021,39.663,1.2342,1.2342,1.2342,1.231,1.2359,1.2341
Td9h,27.482,0.432,0.089,0,0.051,0.096,0.196,20.56,0,11.733,22.23,45.477,1.2281,1.2277,1.2279,1.225,1.2301,1.2282
Th9c,27.475,0.432,0.14,0,0.046,0.087,0.159,32.295,0.014,10.693,20.2,36.797,1.235,1.2349,1.2349,1.232,1.237,1.2348
Ts9h,27.458,0.432,0.161,0,0.039,0.075,0.157,37.372,0.01,9.071,17.305,36.242,1.2296,1.2295,1.2297,1.2269,1.2314,1.2294
Th9d,27.457,0.432,0.089,0,0.04,0.108,0.195,20.686,0.004,9.35,24.921,45.038,1.2301,1.2298,1.23,1.2274,1.232,1.2298
Th9s,27.439,0.432,0.194,0,0.025,0.075,0.139,44.931,0,5.693,17.293,32.083,1.2396,1.2399,1.2393,1.2376,1.241,1.2388
Th9h,27.307,0.396,0.133,0,0.093,0.04,0.13,33.588,0.02,23.373,10.156,32.864,1.1989,1.1993,1.199,1.1964,1.2015,1.1994
Td8c,26.55,0.476,0.037,0,0.017,0.226,0.197,7.735,0.001,3.537,47.403,41.324,1.2604,1.26,1.2602,1.2589,1.2617,1.259
Ts8c,26.525,0.476,0.084,0,0.023,0.181,0.188,17.605,0.007,4.937,38.026,39.426,1.2602,1.26,1.2602,1.2589,1.2617,1.259
Tc8s,26.509,0.476,0.084,0,0.018,0.182,0.192,17.71,0,3.789,38.234,40.267,1.2657,1.2652,1.2652,1.2643,1.2674,1.2644
Td8s,26.504,0.476,0.068,0,0.015,0.18,0.213,14.359,0,3.125,37.81,44.705,1.2601,1.2599,1.2597,1.2589,1.2616,1.2589
Tc8d,26.481,0.476,0.056,0,0.022,0.202,0.197,11.732,0,4.535,42.384,41.349,1.2586,1.2583,1.2581,1.257,1.2601,1.2573
Ts8d,26.452,0.476,0.079,0,0.021,0.171,0.206,16.563,0,4.403,35.836,43.198,1.2538,1.2535,1.2534,1.2525,1.2554,1.2527
Tc8h,26.43,0.476,0.122,0,0.055,0.111,0.188,25.589,0,11.656,23.3,39.456,1.2264,1.2265,1.2259,1.2226,1.2283,1.2263
Th8c,26.43,0.476,0.116,0,0.035,0.172,0.153,24.436,0,7.275,36.139,32.151,1.2376,1.2369,1.2372,1.2343,1.2395,1.2367
Td8h,26.425,0.476,0.093,0,0.064,0.107,0.212,19.559,0,13.492,22.414,44.535,1.2208,1.221,1.2205,1.217,1.2223,1.2211
Ts8h,26.4,0.476,0.14,0,0.041,0.097,0.198,29.504,0,8.523,20.431,41.542,1.2222,1.222,1.2219,1.2188,1.224,1.2222
Th8s,26.384,0.476,0.13,0,0.032,0.149,0.165,27.324,0,6.724,31.221,34.731,1.2373,1.2367,1.2357,1.2347,1.2394,1.2365
Th8d,26.357,0.476,0.081,0,0.035,0.178,0.182,17.058,0,7.298,37.372,38.272,1.2303,1.2295,1.229,1.2271,1.2322,1.2295
Th8h,26.324,0.386,0.147,0,0.114,0.017,0.109,37.957,0.054,29.462,4.339,28.188,1.201,1.2022,1.2006,1.1979,1.2023,1.2025
8c7c,26.15,0.4,0.258,0,0.014,0.019,0.109,64.565,0.005,3.474,4.714,27.241,1.6997,1.6997,1.6996,1.6992,1.7006,1.6997
9c7c,26.114,0.38,0.154,0,0.024,0.052,0.149,40.62,0.001,6.405,13.787,39.186,1.5074,1.5078,1.5074,1.5057,1.5083,1.5069
8s7s,26.107,0.4,0.249,0,0.015,0.019,0.116,62.373,0.002,3.842,4.729,29.054,1.6996,1.6997,1.6997,1.699,1.7004,1.6995
9d7d,26.072,0.38,0.164,0,0.018,0.058,0.14,43.288,0,4.723,15.264,36.725,1.5069,1.5069,1.5069,1.5057,1.5078,1.5068
8d7d,26.065,0.4,0.275,0,0.013,0.021,0.091,68.773,0.001,3.23,5.256,22.74,1.6948,1.6949,1.6948,1.694,1.6953,1.6947
9s7s,26.062,0.38,0.176,0,0.016,0.049,0.14,46.338,0.001,4.153,12.795,36.713,1.5018,1.5016,1.5017,1.501,1.5031,1.5017
Jh5h,25.994,0.38,0.002,0,0.01,0.068,0.3,0.449,0,2.647,17.977,78.927,0.8986,0.8985,0.8951,0.8978,0.8998,0.8983
Jh4h,25.743,0.466,0.044,0,0.013,0.117,0.292,9.487,0.007,2.685,25.162,62.658,0.9225,0.9218,0.9223,0.9217,0.9236,0.9223
Tc5c,25.299,0.354,0.075,0,0.011,0.088,0.18,21.111,0.004,3.203,24.916,50.766,1.2652,1.2656,1.2651,1.2642,1.2667,1.2644
Td5d,25.21,0.354,0.125,0,0.014,0.077,0.138,35.272,0.003,3.999,21.75,38.976,1.2492,1.2498,1.2491,1.248,1.2505,1.248
Ts5s,25.18,0.354,0.088,0,0.014,0.091,0.161,24.752,0.007,4.057,25.707,45.477,1.2216,1.2216,1.2214,1.2203,1.2233,1.2208
Tc4c,25.014,0.356,0.249,0,0.006,0.055,0.046,69.926,0,1.747,15.433,12.893,1.3071,1.3069,1.3036,1.3066,1.3084,1.3066
Td4d,24.991,0.356,0.247,0,0.008,0.05,0.051,69.347,0,2.361,13.947,14.345,1.293,1.2929,1.2919,1.2926,1.2941,1.2928
Ts4s,24.935,0.356,0.189,0,0.008,0.066,0.093,53.024,0,2.346,18.517,26.113,1.267,1.2667,1.2651,1.2663,1.2689,1.2664
9d8c,24.393,0.454,0.078,0,0.011,0.172,0.193,17.155,0.001,2.354,37.887,42.602,1.2026,1.2024,1.2023,1.2019,1.2038,1.2016
9s8c,24.379,0.454,0.143,0,0.019,0.13,0.162,31.546,0.001,4.211,28.564,35.679,1.2089,1.2088,1.2086,1.2077,1.2102,1.208
Th7h,24.372,0.406,0.08,0,0.026,0.195,0.105,19.804,0,6.304,48.116,25.776,1.0981,1.0975,1.0974,1.0957,1.0993,1.097
9c8s,24.369,0.454,0.159,0,0.012,0.122,0.162,34.915,0.001,2.594,26.833,35.657,1.2071,1.2073,1.2069,1.206,1.2085,1.206
9d8s,24.354,0.454,0.104,0,0.018,0.141,0.191,23.004,0,4.008,30.987,42.001,1.2034,1.2033,1.203,1.2023,1.2049,1.2025
9c8d,24.342,0.454,0.102,0,0.012,0.139,0.202,22.522,0.005,2.549,30.517,44.407,1.2001,1.2,1.2001,1.1994,1.2016,1.1992
9s8d,24.312,0.454,0.114,0,0.024,0.126,0.19,25.035,0,5.281,27.844,41.84,1.203,1.2029,1.2025,1.2015,1.2045,1.2022
9h8c,24.295,0.454,0.134,0,0.046,0.113,0.161,29.417,0.019,10.219,24.982,35.362,1.1763,1.1754,1.1763,1.1731,1.1784,1.1764
9c8h,24.289,0.454,0.145,0,0.042,0.084,0.183,31.983,0.002,9.237,18.521,40.256,1.1687,1.1684,1.1686,1.1663,1.1699,1.169
9d8h,24.273,0.454,0.145,0,0.019,0.08,0.211,31.914,0.008,4.093,17.518,46.467,1.1657,1.1656,1.1657,1.1641,1.1666,1.1657
9s8h,24.259,0.454,0.171,0,0.024,0.085,0.174,37.746,0.012,5.329,18.653,38.259,1.1724,1.1726,1.1724,1.1708,1.1732,1.1721
9h8s,24.257,0.454,0.134,0,0.056,0.111,0.153,29.503,0.011,12.405,24.458,33.622,1.1777,1.1774,1.1776,1.1744,1.18,1.1774
9h8d,24.229,0.454,0.129,0,0.042,0.104,0.179,28.482,0.006,9.19,22.902,39.419,1.1709,1.1708,1.1708,1.168,1.1727,1.1705
9h8h,24.163,0.39,0.161,0,0.082,0.04,0.107,41.187,0.023,21.113,10.303,27.374,1.1387,1.1396,1.1388,1.1352,1.1405,1.1393
7c5c,23.701,0.45,0.193,0,0.015,0.031,0.211,42.949,0.005,3.304,6.791,46.951,1.6565,1.6569,1.6565,1.6559,1.6569,1.6561
7s5s,23.69,0.45,0.202,0,0.023,0.031,0.193,44.939,0.001,5.191,6.95,42.919,1.6467,1.6471,1.6466,1.6456,1.647,1.6463
7d5d,23.596,0.45,0.187,0,0.012,0.031,0.22,41.519,0.001,2.614,6.974,48.893,1.6365,1.6367,1.6366,1.636,1.637,1.6363
9c5c,23.478,0.374,0,0,0.064,0.21,0.1,0,0.009,17.076,56.067,26.848,1.2771,1.2391,1.2768,1.2723,1.2787,1.2766
8c5c,23.455,0.494,0.067,0,0.05,0.166,0.212,13.473,0.014,10.073,33.549,42.892,1.4537,1.4535,1.4536,1.4506,1.4548,1.4537
9d5d,23.389,0.374,0,0,0.046,0.234,0.093,0,0.001,12.429,62.594,24.975,1.2635,1.2282,1.2633,1.2597,1.2646,1.2626
9s5s,23.353,0.374,0,0,0.047,0.223,0.103,0,0,12.656,59.715,27.629,1.2529,1.2281,1.2525,1.2491,1.254,1.2521
8s5s,23.339,0.494,0.081,0,0.059,0.161,0.193,16.309,0,12.007,32.609,39.074,1.4364,1.4358,1.4363,1.4327,1.4381,1.4363
8d5d,23.329,0.494,0.067,0,0.049,0.167,0.21,13.586,0,9.972,33.886,42.556,1.4357,1.4354,1.4356,1.4326,1.437,1.4355
8c7s,22.732,0.046,0,0,0,0.029,0.017,0,0,0.352,62.643,37.004,1.4368,1.424,1.4151,1.436,1.4381,1.4347
8s7c,22.699,0.046,0,0,0.001,0.022,0.023,0,0,1.417,48.223,50.36,1.4389,1.4309,1.4233,1.4381,1.4407,1.4372
8c7d,22.685,0.046,0,0,0,0.022,0.024,0,0,0,47.027,52.973,1.4298,1.4169,1.4052,1.4285,1.4317,1.4282
8d7c,22.674,0.046,0,0,0,0.019,0.027,0,0,0,42.325,57.675,1.4344,1.4226,1.4156,1.4336,1.4359,1.4333
8d7s,22.672,0.046,0,0,0,0.02,0.025,0,0,0.082,44.555,55.363,1.4306,1.4172,1.4021,1.4306,1.4315,1.4299
8s7d,22.65,0.046,0,0,0,0.016,0.03,0,0,0,35.304,64.696,1.4283,1.4182,1.3999,1.4274,1.4299,1.4274
8c7h,22.622,0.046,0.018,0,0.001,0.008,0.019,38.941,0,1.992,17.911,41.156,1.386,1.3859,1.3805,1.3852,1.3878,1.3855
8h7c,22.621,0.046,0.001,0,0.002,0.02,0.024,1.293,0,3.309,43.664,51.735,1.3995,1.3984,1.3897,1.3976,1.4011,1.3983
8h7s,22.619,0.046,0,0,0,0.022,0.023,0,0,0.51,48.516,50.975,1.3957,1.3909,1.3752,1.3941,1.3966,1.3948
8s7h,22.587,0.046,0.019,0,0.001,0.003,0.022,42.154,0,2.562,6.863,48.421,1.3857,1.3864,1.3813,1.3852,1.3867,1.3851
8h7d,22.573,0.046,0,0,0,0.012,0.034,0,0,0,25.56,74.44,1.3877,1.3833,1.3683,1.3865,1.3886,1.3874
8d7h,22.562,0.046,0.004,0,0,0.005,0.037,9.086,0,1.052,10.198,79.664,1.3795,1.3794,1.3749,1.3792,1.3801,1.3795
8h7h,22.543,0.4,0.166,0,0.014,0.015,0.206,41.423,0.004,3.438,3.683,51.452,1.3424,1.3422,1.3423,1.3415,1.343,1.3425
9h7h,22.48,0.38,0.127,0,0.014,0.068,0.172,33.303,0,3.621,17.938,45.137,1.1489,1.1488,1.1484,1.1478,1.1503,1.1486
7s4s,22.32,0.496,0.23,0,0.03,0.078,0.157,46.447,0.005,6.079,15.802,31.667,1.5443,1.5442,1.5442,1.5427,1.5457,1.5441
7c4c,22.292,0.496,0.255,0,0.023,0.068,0.15,51.425,0,4.626,13.723,30.226,1.5502,1.5504,1.5499,1.549,1.5513,1.5495
7d4d,22.238,0.496,0.245,0,0.024,0.066,0.161,49.483,0,4.869,13.213,32.434,1.5345,1.5345,1.5344,1.5335,1.5358,1.5342
Th5h,21.615,0.354,0.019,0,0.003,0.057,0.276,5.266,0,0.724,16.181,77.83,0.9086,0.9086,0.8951,0.9082,0.9099,0.9083
Th4h,21.388,0.356,0.037,0,0.002,0.06,0.257,10.411,0,0.544,16.768,72.277,0.9313,0.9312,0.9176,0.9312,0.9325,0.9311
5c4c,20.688,0.442,0.327,0,0.009,0.015,0.091,74.007,0,1.968,3.48,20.545,1.6477,1.6478,1.647,1.6472,1.648,1.6473
5s4s,20.674,0.442,0.315,0,0.01,0.015,0.103,71.2,0,2.218,3.346,23.236,1.6286,1.6286,1.6285,1.6281,1.6288,1.6286
5d4d,20.605,0.442,0.284,0,0.016,0.019,0.124,64.17,0.003,3.514,4.212,28.101,1.6118,1.6119,1.6118,1.6112,1.6125,1.6116
7h5h,20.039,0.45,0.14,0,0.018,0.044,0.247,31.136,0.004,4.058,9.869,54.933,1.2945,1.2946,1.2944,1.2937,1.2952,1.2944
8h5h,19.723,0.494,0,0,0.02,0.116,0.359,0,0,3.984,23.381,72.635,1.0887,1.0763,1.0882,1.0874,1.0891,1.0886
9h5h,19.717,0.374,0,0,0.018,0.145,0.211,0,0,4.719,38.812,56.469,0.9151,0.8455,0.8983,0.9139,0.9164,0.9144
5s3s,19.322,0.462,0.259,0,0.022,0.071,0.11,56.099,0,4.716,15.384,23.801,1.4851,1.4851,1.485,1.484,1.4863,1.4847
5c3c,19.32,0.462,0.344,0,0.011,0.037,0.069,74.491,0,2.47,8.053,14.986,1.502,1.502,1.5019,1.5015,1.503,1.5016
5d3d,19.257,0.462,0.292,0,0.017,0.064,0.089,63.276,0.003,3.729,13.809,19.183,1.4799,1.4799,1.4798,1.479,1.4808,1.4794
7h4h,18.621,0.496,0.055,0,0.027,0.12,0.293,11.113,0.01,5.5,24.245,59.132,1.1763,1.1764,1.1762,1.1748,1.1775,1.176
5h4h,17.004,0.442,0.098,0,0.038,0.081,0.225,22.223,0.027,8.533,18.279,50.938,1.2504,1.2506,1.2503,1.2481,1.2512,1.2505
5h3h,15.589,0.462,0.004,0,0.025,0.154,0.279,0.911,0.014,5.386,33.27,60.419,1.1216,1.1212,1.1216,1.1205,1.1228,1.1211
